Project;ncommits;nauthors;from;to;nstars;nforks;lastGHCommitDate;LongestGapStart;LongestGapEnd;LongestGapLength;NumCommitsAfterLastGap;ActivityPattern;NumberOfGapsInTimeline;BeforeThemes;AfterThemes;HypothesizedGapReason;HasRecovered;WhyRecovered;WhoRecovered;Currentstatus;RecentThemes;Notes
antsx_antsr;5482;45;1328136237;1762619138;143;32;2026-06-12;2022-07;2022-10;4;581;irregular;3;Other:Feature development;Feature development:Bug fixes;No explicit cause is stated in the surrounding commits. Activity stopped after enhancement, bug-fix, documentation, and compilation work, so the gap appears to be a temporary maintenance pause rather than abandonment.;Yes;Normal development and maintenance resumed after the gap. There were 581 commits after the longest gap.;Primarily returning contributors: Nick Tustison;Active;Bug fixes:Other;"ANTsR shows an irregular activity pattern with three inactivity gaps ""
        ""of at least three months. Its longest gap lasted four months from ""
        ""July through October 2022, and the commits immediately before the gap ""
        ""were normal enhancement, bug-fix, documentation, and compilation work. ""
        ""There is no obvious explanation for the pause in the commit messages, ""
        ""but the project clearly recovered because 581 commits occurred afterward."
biomedia_mirtk;2568;22;1450392347;1741992251;200;75;2025-02-27;2022-09;2025-01;29;4;declining;4;Other:Bug fixes;Documentation updates:Other;No explicit reason is stated in the surrounding commits. The 29-month gap followed normal development and maintenance activity, and only four commits occurred afterward, suggesting the repository entered a period of very low maintenance.;Yes, but limited;A small amount of maintenance and documentation work resumed, but only four commits occurred after the longest gap.;Primarily returning contributors: Andreas Schuh;Inactive;Other:Bug fixes;"MIRTK shows a declining activity pattern with four gaps of at least ""
        ""three months. The longest gap lasted 29 months from September 2022 ""
        ""through January 2025, making it one of the clearest periods of ""
        ""inactivity in the dataset. The reason is difficult to determine from ""
        ""the commit messages alone, and the recovery appears weak because only ""
        ""four commits occurred after the gap."
conda-forge_pyinterp-feedstock;456;16;1568666567;1761982417;0;4;2025-11-01;2023-06;2023-09;4;133;irregular;3;Other:Bug fixes;Other;No explicit abandonment signal appears in the commit messages. The four-month gap appears to be a temporary pause in package maintenance between groups of update activity.;Yes;Package maintenance resumed, including automated update activity. There were 133 commits after the gap.;"Mixed recovery; returning contributors: Frédéric BRIOL; new contributors: regro-cf-autotick-bot";Active;Other:Dependency updates;"The pyinterp feedstock has an irregular activity pattern with three ""
        ""gaps of at least three months. Its longest gap lasted four months from ""
        ""June through September 2023. The project recovered strongly with 133 ""
        ""later commits, including automated maintenance activity, so the gap ""
        ""appears to have been a temporary pause rather than abandonment."
kick-h_gpumd;5936;81;1500046377;1760973080;2;1;2025-10-20;2018-04;2018-04;1;5837;rising;0;Bug fixes:Other;Feature development:Other;The longest gap was only one month and there were no gaps of three months or longer. This appears to be a normal short pause rather than meaningful project inactivity.;Yes;Development resumed immediately after the short pause and continued at a high level, with 5,837 commits after the gap.;Primarily returning contributors: Zheyong Fan;Active;Other:Bug fixes;"gpumd shows a generally rising activity pattern and no inactivity ""
        ""gaps of at least three months. Its longest period with zero commits was ""
        ""only one month in April 2018. Because 5,837 commits occurred after that ""
        ""month, it appears to be a normal short break in an otherwise highly ""
        ""active project rather than a meaningful interruption."
mastoffel_rptr;431;11;1414329721;1745921255;19;1;2025-04-29;2021-09;2024-08;36;9;declining;8;Documentation updates:Other;Bug fixes:Other;No explicit reason for the 36-month gap is stated in the commit messages. The long period without commits suggests the package was largely dormant or in low-maintenance mode before development resumed.;Yes, but limited;Maintenance resumed with bug fixes and feature work, although only nine commits occurred after the long gap.;"Mixed recovery; returning contributors: Martin Stoffel; new contributors: mastoffel";Active;Bug fixes:Documentation updates;"rptR shows a declining and highly intermittent activity pattern, ""
        ""including eight gaps of at least three months. Its longest gap lasted ""
        ""36 months from September 2021 through August 2024. The cause is not ""
        ""explicit in the commit history, but bug fixes and feature work eventually ""
        ""resumed; with only nine commits afterward, the recovery was limited."
raymanng_3d-wind-field;267;8;1547622404;1750236118;497;159;2025-06-18;2021-08;2024-12;41;3;declining;2;Other:Bug fixes;Bug fixes:Other;No explicit cause is given for the 41-month gap. The extremely long pause followed by only a small number of commits suggests the project became largely dormant and later received limited maintenance.;Yes, but limited;The project briefly resumed with release and maintenance-related work, but only three commits followed the gap.;Primarily returning contributors: RaymanNg;Active;Other:Bug fixes;"3D-Wind-Field shows a declining activity pattern with two substantial ""
        ""inactivity gaps. Its longest gap lasted 41 months from August 2021 ""
        ""through December 2024, the longest gap among my assigned projects. ""
        ""Only three commits followed the gap, so the later activity looks more ""
        ""like limited maintenance or release work than a full return to active ""
        ""development."
shader-slang_slang;29535;317;1497030169;1761660359;5700;496;2026-09-27;N/A;N/A;0;0;steady;0;N/A;N/A;N/A active Project;N/A;N/A;N/A;Active;Other:Feature development;"Slang shows the most continuous activity of the projects in this ""
        ""dataset. It had no month with zero commits between its first and last ""
        ""observed commits, so there is no inactivity gap to interpret. Its ""
        ""continuous history and large number of contributors support classifying ""
        ""the project as steady and actively maintained."
theislab_scib;2253;60;1563266409;1761287409;432;78;2026-04-27;2025-05;2025-07;3;7;irregular;1;Other:Bug fixes;Other;No explicit cause is stated in the surrounding commits. The three-month gap appears to be a temporary development pause rather than abandonment because activity resumed afterward.;Yes;Development resumed after the three-month pause, with seven commits following the gap in the collected data.;"Mixed recovery; returning contributors: Leon Hetzel, Michaela Mueller, Michaela Müller, harryhaller001; new contributors: Daniel E. Schaffer, Daniel Schaffer";Active;Other:Dependency updates;"scib has an irregular activity pattern but only one gap of at least ""
        ""three months. The gap ran from May through July 2025 and development ""
        ""resumed afterward. There is no clear abandonment indicator in the ""
        ""surrounding commits, so this appears to be a temporary development ""
        ""pause rather than a major project disruption."
ucl_mimix;563;6;1564409694;1636040514;5;4;2024-09-04;2021-09;2021-09;1;21;irregular;0;Other:Bug fixes;Other:Documentation updates;The longest gap was only one month, so there is no evidence of a major interruption at that point. The original project later became inactive, while its functionality was carried forward into the RefBasedMI project.;Yes;Normal development resumed after the one-month pause, with 21 commits following the gap.;Primarily returning contributors: ianrwhite, mirabalis;Inactive;Other:Documentation updates;"mimix had no gap of at least three months in the collected WoC ""
        ""timeline; its longest zero-commit period was only September 2021. ""
        ""Twenty-one commits followed that pause, showing that the project ""
        ""immediately recovered. The original project later became inactive, ""
        ""and the RefBasedMI repository states that it ports the functionality ""
        ""of mimix, suggesting that later development moved to a successor project."
worldwidetelescope_wwt-web-client;1416;24;1416030738;1753308292;108;35;2026-06-20;2023-12;2025-06;19;9;irregular;7;Other:Automated bot contributions;Other:Automated bot contributions;The repository experienced a long pause in commits, but there is no explicit abandonment message. Development later resumed around release and deployment work.;Yes;Development restarted around deployment and release work. Post-gap commits include Cranko-generated release commits and deployment workflow updates.;"Mixed recovery; returning contributors: Jon Carifio, cranko; new contributors: Carifio24";Active;Automated bot contributions:Other;"The WorldWide Telescope web client shows an irregular pattern with ""
        ""seven gaps of at least three months. Its longest gap lasted 19 months ""
        ""from December 2023 through June 2025. Activity resumed with deployment ""
        ""and release-related work, including Cranko release commits, but only ""
        ""nine commits followed the gap in the collected data, making the ""
        ""recovery relatively limited."
