netID,WoC,GH
eabbott9,daducci_amico,https://github.com/daducci/AMICO
eabbott9,yangjasp_optimall,https://github.com/yangjasp/optimall
eabbott9,anybotics_kindr,https://github.com/ANYbotics/kindr
eabbott9,scikit-fuzzy_scikit-fuzzy,https://github.com/scikit-fuzzy/scikit-fuzzy
eabbott9,mhhennig_hs2,https://github.com/mhhennig/HS2
eabbott9,bids-apps_rshrf,https://github.com/BIDS-Apps/rsHRF
eabbott9,juliastats_lasso.jl,https://github.com/JuliaStats/Lasso.jl
eabbott9,dcc-lab_pyhardwarelibrary,https://github.com/DCC-Lab/PyHardwareLibrary
eabbott9,cmillion_gphoton,https://github.com/cmillion/gPhoton
eabbott9,aim-uofa_adelaidet,https://github.com/aim-uofa/AdelaiDet
kbissonn,juliagaussianprocesses_abstractgps.jl,https://github.com/JuliaGaussianProcesses/AbstractGPs.jl
kbissonn,pyushkevich_itksnap,https://github.com/pyushkevich/itksnap
kbissonn,darrencroton_sage,https://github.com/darrencroton/sage
kbissonn,nanograv_enterprise,https://github.com/nanograv/enterprise
kbissonn,nsidc_mapxmaps,https://github.com/nsidc/mapxmaps
kbissonn,kinnala_scikit-fem,https://github.com/kinnala/scikit-fem
kbissonn,alibaba_graphscope,https://github.com/alibaba/GraphScope
kbissonn,turinglang_bijectors.jl,https://github.com/TuringLang/Bijectors.jl
kbissonn,sandialabs_pecos,https://github.com/sandialabs/pecos
kbissonn,sicara_tuto-fsl,https://github.com/sicara/tuto-fsl
cboddick,maria-korosteleva_garment-pattern-estimation,https://github.com/maria-korosteleva/Garment-Pattern-Estimation
cboddick,tf-encrypted_tf-encrypted,https://github.com/tf-encrypted/tf-encrypted
cboddick,baggepinnen_spectraldistances.jl,https://github.com/baggepinnen/SpectralDistances.jl
cboddick,massimocimmino_pygfunction,https://github.com/MassimoCimmino/pygfunction
cboddick,the-virtual-brain_tvb-root,https://github.com/the-virtual-brain/tvb-root
cboddick,xtra-computing_thundergbm,https://github.com/Xtra-Computing/thundergbm
cboddick,itowns_itowns,https://github.com/iTowns/itowns
cboddick,serock3_master_thesis_qec_simulation,https://github.com/Serock3/Master_thesis_QEC_simulation
cboddick,raysect_source,https://github.com/raysect/source
cboddick,nimble-dev_nimble,https://github.com/nimble-dev/nimble
hcrettol,cybergis_job-supervisor,https://github.com/cybergis/job-supervisor
hcrettol,libfive_libfive,https://github.com/libfive/libfive
hcrettol,hpi-information-systems_metanome,https://github.com/HPI-Information-Systems/Metanome
hcrettol,nasa_smcpy,https://github.com/nasa/SMCPy
hcrettol,brownhci_drafty,https://github.com/brownhci/drafty
hcrettol,andergray_probabilityboundsanalysis.jl,https://github.com/AnderGray/ProbabilityBoundsAnalysis.jl
hcrettol,computationalmodelling_fidimag,https://github.com/computationalmodelling/fidimag
hcrettol,wsshin_maxwellfdfd,https://github.com/wsshin/maxwellfdfd
hcrettol,pytorch_fbgemm,https://github.com/pytorch/FBGEMM
hcrettol,stardist_stardist,https://github.com/stardist/stardist
tgarrio1,movsim_movsim,https://github.com/movsim/movsim
tgarrio1,iml-wg_hepml-livingreview,https://github.com/iml-wg/HEPML-LivingReview
tgarrio1,juliagpu_cuda.jl,https://github.com/JuliaGPU/CUDA.jl
tgarrio1,soedinglab_hh-suite,https://github.com/soedinglab/hh-suite
tgarrio1,jdblischak_workflowr,https://github.com/jdblischak/workflowr
tgarrio1,oscaribv_pyaneti,https://github.com/oscaribv/pyaneti
tgarrio1,isl-org_midas,https://github.com/isl-org/MiDaS
tgarrio1,covid-projections_covid-data-model,https://github.com/covid-projections/covid-data-model
tgarrio1,hive-researchgroup_volumetric-data-interaction,https://github.com/HIVE-ResearchGroup/volumetric-data-interaction
tgarrio1,antsx_antspy,https://github.com/ANTsX/ANTsPy
mjohn326,falkonml_falkon,https://github.com/FalkonML/falkon
mjohn326,juliamanifolds_manopt.jl,https://github.com/JuliaManifolds/Manopt.jl
mjohn326,neuroml_pyneuroml,https://github.com/NeuroML/pyNeuroML
mjohn326,henriqueslab_zerocostdl4mic,https://github.com/HenriquesLab/ZeroCostDL4Mic
mjohn326,frankyeh_dsi-studio,https://github.com/frankyeh/DSI-Studio
mjohn326,andreatramacere_jetset,https://github.com/andreatramacere/jetset
mjohn326,micycle1_tinfour,https://github.com/micycle1/tinfour
mjohn326,vinecopulib_pyvinecopulib,https://github.com/vinecopulib/pyvinecopulib
mjohn326,elfi-dev_elfi,https://github.com/elfi-dev/elfi
mjohn326,mattjj_pyhsmm,https://github.com/mattjj/pyhsmm
dlong37,delftdata_valentine,https://github.com/delftdata/valentine
dlong37,darioizzo_geodesynets,https://github.com/darioizzo/geodesyNets
dlong37,antonio-jp_dd_functions,https://github.com/Antonio-JP/dd_functions
dlong37,anybotics_elevation_mapping,https://github.com/ANYbotics/elevation_mapping
dlong37,singmann_afex,https://github.com/singmann/afex
dlong37,opensafely_antibody-and-antiviral-deployment,https://github.com/opensafely/antibody-and-antiviral-deployment
dlong37,sebmart_taxisimulation,https://github.com/sebmart/TaxiSimulation
dlong37,brainstorm-tools_brainstorm3,https://github.com/brainstorm-tools/brainstorm3
dlong37,langurmonkey_gaiasky,https://github.com/langurmonkey/gaiasky
dlong37,juliaopt_sumofsquares.jl,https://github.com/JuliaOpt/SumOfSquares.jl
emolder,hectornieto_pytseb,https://github.com/hectornieto/pyTSEB
emolder,e3nn_e3nn,https://github.com/e3nn/e3nn
emolder,kosma_minmea,https://github.com/kosma/minmea
emolder,digantamisra98_mish,https://github.com/digantamisra98/Mish
emolder,pekkosk_hotbit,https://github.com/pekkosk/hotbit
emolder,metagenomics_denbi-nanopore-training,https://github.com/metagenomics/denbi-nanopore-training
emolder,bnucnl_dnnbrain,https://github.com/BNUCNL/dnnbrain
emolder,secure-compilation_different_traces,https://github.com/secure-compilation/different_traces
emolder,irods_irods,https://github.com/irods/irods
emolder,cgre-aachen_gempy,https://github.com/cgre-aachen/gempy
jmurph91,comit-network_xmr-btc-swap,https://github.com/comit-network/xmr-btc-swap
jmurph91,systempiper_systempipeshiny,https://github.com/systemPipeR/systemPipeShiny
jmurph91,mmorise_world,https://github.com/mmorise/World
jmurph91,easystats_insight,https://github.com/easystats/insight
jmurph91,bmclab_bmc,https://github.com/BMClab/BMC
jmurph91,brial_brial,https://github.com/BRiAl/BRiAl
jmurph91,juliarobotics_rigidbodydynamics.jl,https://github.com/JuliaRobotics/RigidBodyDynamics.jl
jmurph91,angel-ml_angel,https://github.com/Angel-ML/angel
jmurph91,samreay_chainconsumer,https://github.com/Samreay/ChainConsumer
jmurph91,jasp-stats_jasp-desktop,https://github.com/jasp-stats/jasp-desktop
dpate172,ketch_nodepy,https://github.com/ketch/nodepy
dpate172,mouseland_suite2p,https://github.com/MouseLand/suite2p
dpate172,esri_geoportal-server,https://github.com/Esri/geoportal-server
dpate172,hpparvi_pytransit,https://github.com/hpparvi/PyTransit
dpate172,sundmanbo_opencalphad,https://github.com/sundmanbo/opencalphad
dpate172,stack-of-tasks_pinocchio,https://github.com/stack-of-tasks/pinocchio
dpate172,microsoft_fhir-server,https://github.com/microsoft/fhir-server
dpate172,rapidsai_cucim,https://github.com/rapidsai/cucim
dpate172,agnwinds_python,https://github.com/agnwinds/python
dpate172,csgillespie_powerlaw,https://github.com/csgillespie/poweRlaw
asaucer,qiskit_qiskit-vscode,https://github.com/QISKit/qiskit-vscode
asaucer,awslabs_gluon-ts,https://github.com/awslabs/gluon-ts
asaucer,sigven_pcgr,https://github.com/sigven/pcgr
asaucer,sfilippone_psblas3,https://github.com/sfilippone/psblas3
asaucer,locusrobotics_fuse,https://github.com/locusrobotics/fuse
asaucer,threeml_threeml,https://github.com/threeML/threeML
asaucer,netket_netket,https://github.com/netket/netket
asaucer,anustg_optics_verification,https://github.com/anustg/Optics_Verification
asaucer,atchem_atchem2,https://github.com/AtChem/AtChem2
asaucer,rexcardan_evil-dicom,https://github.com/rexcardan/Evil-DICOM
bslessma,intelowlproject_intelowl,https://github.com/intelowlproject/IntelOwl
bslessma,intellistream_alliancedb,https://github.com/intellistream/AllianceDB
bslessma,yesint_pteros,https://github.com/yesint/pteros
bslessma,cvnlab_analyzeprf,https://github.com/cvnlab/analyzePRF
bslessma,simonfuhrmann_mve,https://github.com/simonfuhrmann/mve
bslessma,great-expectations_great_expectations,https://github.com/great-expectations/great_expectations
bslessma,google_grr,https://github.com/google/grr
bslessma,projectcypress_cypress,https://github.com/projectcypress/cypress
bslessma,hyperhdg_hyperhdg,https://github.com/HyperHDG/HyperHDG
bslessma,mit-spark_teaser-plusplus,https://github.com/MIT-SPARK/TEASER-plusplus
astubbin,intel-isl_multiobjectiveoptimization,https://github.com/intel-isl/MultiObjectiveOptimization
astubbin,sjmoran_deeplpf,https://github.com/sjmoran/DeepLPF
astubbin,pangeo-forge_pangeo-forge,https://github.com/pangeo-forge/pangeo-forge
astubbin,lvrcek_gnnome-assembly,https://github.com/lvrcek/GNNome-assembly
astubbin,josiahcarlson_redis-in-action,https://github.com/josiahcarlson/redis-in-action
astubbin,nmoehrle_mvs-texturing,https://github.com/nmoehrle/mvs-texturing
astubbin,climateglobalchange_tempestremap,https://github.com/ClimateGlobalChange/tempestremap
astubbin,miguelinux314_experiment-notebook,https://github.com/miguelinux314/experiment-notebook
astubbin,rllab-snu_unsupervised-3d-reconstruction,https://github.com/rllab-snu/Unsupervised-3D-Reconstruction
astubbin,coryshain_cdr,https://github.com/coryshain/cdr
lwang111,libatoms_quip,https://github.com/libAtoms/QUIP
lwang111,ldbc_sigmod2014-pc,https://github.com/ldbc/sigmod2014-pc
lwang111,wurmlab_sequenceserver,https://github.com/wurmlab/sequenceserver
lwang111,lanl_elements,https://github.com/lanl/ELEMENTS
lwang111,homalg-project_toricvarieties_project,https://github.com/homalg-project/ToricVarieties_project
lwang111,ph-rast_bmgarch,https://github.com/ph-rast/bmgarch
lwang111,nanocomp_meep,https://github.com/NanoComp/meep
lwang111,wiris_moodle-filter_wiris,https://github.com/wiris/moodle-filter_wiris
lwang111,asgr_profound,https://github.com/asgr/ProFound
lwang111,opticspy_lightpipes,https://github.com/opticspy/lightpipes
cwolver1,google-research_tensor2robot,https://github.com/google-research/tensor2robot
cwolver1,graphhopper_jsprit,https://github.com/graphhopper/jsprit
cwolver1,tdunning_t-digest,https://github.com/tdunning/t-digest
cwolver1,villano-lab_nrsicap,https://github.com/villano-lab/nrSiCap
cwolver1,matthewheun_byname,https://github.com/MatthewHeun/byname
cwolver1,fabsig_gpboost,https://github.com/fabsig/GPBoost
cwolver1,hzwer_arxiv2020-rife,https://github.com/hzwer/arXiv2020-RIFE
cwolver1,lucmoreau_provtoolbox,https://github.com/lucmoreau/ProvToolbox
cwolver1,autodiff_autodiff,https://github.com/autodiff/autodiff
cwolver1,mourner_rbush,https://github.com/mourner/rbush
hawad,aspuru-guzik-group_tequila,https://github.com/aspuru-guzik-group/tequila
hawad,inasafe_inasafe,https://github.com/inasafe/inasafe
hawad,parallel-netcdf_pnetcdf,https://github.com/Parallel-NetCDF/PnetCDF
hawad,tbereau_auto_martini,https://github.com/tbereau/auto_martini
hawad,amrex-codes_iamr,https://github.com/AMReX-Codes/IAMR
hawad,cmusatyalab_openface,https://github.com/cmusatyalab/openface
hawad,jstacs_jstacs,https://github.com/Jstacs/Jstacs
hawad,csgillespie_efficientr,https://github.com/csgillespie/efficientR
hawad,datmo_datmo,https://github.com/datmo/datmo
hawad,voxelmorph_voxelmorph,https://github.com/voxelmorph/voxelmorph
pstorch1,brainglobe_brainrender,https://github.com/brainglobe/brainrender
pstorch1,openworm_sibernetic,https://github.com/openworm/sibernetic
pstorch1,gnuradio_gr-inspector,https://github.com/gnuradio/gr-inspector
pstorch1,adibender_pammtools,https://github.com/adibender/pammtools
pstorch1,spacetelescope_drizzlepac,https://github.com/spacetelescope/drizzlepac
pstorch1,unity-technologies_synthdet,https://github.com/Unity-Technologies/SynthDet
pstorch1,cp2k_cp2k,https://github.com/cp2k/cp2k
pstorch1,rub-nds_tls-attacker,https://github.com/RUB-NDS/TLS-Attacker
pstorch1,gigascience_gigadb-website,https://github.com/gigascience/gigadb-website
pstorch1,atomistic-machine-learning_schnetpack,https://github.com/atomistic-machine-learning/schnetpack
ccough13,lfpy_lfpy,https://github.com/LFPy/LFPy
ccough13,numenta_nupic,https://github.com/numenta/nupic
ccough13,sem-jl_sem.jl,https://github.com/sem-jl/sem.jl
ccough13,cardinalkit_cardinalkit,https://github.com/CardinalKit/CardinalKit
ccough13,annecori_epiestim,https://github.com/annecori/EpiEstim
ccough13,yulunzhang_rcan,https://github.com/yulunzhang/RCAN
ccough13,hol137_jupyter-notebook-practice-physical-constants-ratios,https://github.com/hol137/Jupyter-Notebook-Practice-Physical-Constants-Ratios
ccough13,qupath_qupath,https://github.com/qupath/qupath
ccough13,ceedee666_opensap_python_intro,https://github.com/ceedee666/opensap_python_intro
ccough13,deepmind_acme,https://github.com/deepmind/acme
asangiul,pmelchior_scarlet,https://github.com/pmelchior/scarlet
asangiul,tlverse_hal9001,https://github.com/tlverse/hal9001
asangiul,pytorch_ignite,https://github.com/pytorch/ignite
asangiul,siemens_ros-sharp,https://github.com/siemens/ros-sharp
asangiul,esri_solutions-geoprocessing-toolbox,https://github.com/Esri/solutions-geoprocessing-toolbox
asangiul,leekgroup_recount-website,https://github.com/leekgroup/recount-website
asangiul,openintrostat_openintro-r-package,https://github.com/OpenIntroStat/openintro-r-package
asangiul,dbs-leipzig_gradoop,https://github.com/dbs-leipzig/gradoop
asangiul,janthorbecke_opensource,https://github.com/JanThorbecke/OpenSource
asangiul,brandondube_prysm,https://github.com/brandondube/prysm
dbritto3,apache_ctakes,https://github.com/apache/ctakes
dbritto3,bioconductor_biobase,https://github.com/Bioconductor/Biobase
dbritto3,open-sdr_openwifi,https://github.com/open-sdr/openwifi
dbritto3,harpgroup_r-dh-ecohydro,https://github.com/HARPgroup/r-dh-ecohydro
dbritto3,r-quantities_units,https://github.com/r-quantities/units
dbritto3,typelevel_frameless,https://github.com/typelevel/frameless
dbritto3,arogozhnikov_einops,https://github.com/arogozhnikov/einops
dbritto3,kelu124_echomods,https://github.com/kelu124/echomods
dbritto3,stan-dev_loo,https://github.com/stan-dev/loo
dbritto3,issp-center-dev_hphi,https://github.com/issp-center-dev/HPhi
tlopez7,gavinsimpson_permute,https://github.com/gavinsimpson/permute
tlopez7,openclimatefix_satip,https://github.com/openclimatefix/Satip
tlopez7,juliaopt_convex.jl,https://github.com/JuliaOpt/Convex.jl
tlopez7,eljost_pysisyphus,https://github.com/eljost/pysisyphus
tlopez7,simonvh_genomepy,https://github.com/simonvh/genomepy
tlopez7,brentp_cyvcf2,https://github.com/brentp/cyvcf2
tlopez7,dicarlolab-delft_pycqed_py3,https://github.com/DiCarloLab-Delft/PycQED_py3
tlopez7,benchmarking-initiative_benchmark-models-petab,https://github.com/Benchmarking-Initiative/Benchmark-Models-PEtab
tlopez7,gsdlab_clafer,https://github.com/gsdlab/clafer
tlopez7,acellera_htmd,https://github.com/Acellera/htmd
jtyuill,ifcopenshell_ifcopenshell,https://github.com/IfcOpenShell/IfcOpenShell
jtyuill,lastools_lastools,https://github.com/LAStools/LAStools
jtyuill,opendatacube_datacube-explorer,https://github.com/opendatacube/datacube-explorer
jtyuill,choderalab_pymbar,https://github.com/choderalab/pymbar
jtyuill,tensorflow_tfjs,https://github.com/tensorflow/tfjs
jtyuill,kvos_coastsat,https://github.com/kvos/CoastSat
jtyuill,jakobrunge_tigramite,https://github.com/jakobrunge/tigramite
jtyuill,clue-developers_clue,https://github.com/clue-developers/CLUE
jtyuill,zalo_cascadestudio,https://github.com/zalo/CascadeStudio
jtyuill,johannfaouzi_pyts,https://github.com/johannfaouzi/pyts
ttb615,ohdsi_webapi,https://github.com/OHDSI/WebAPI
ttb615,fkong7_2dunet,https://github.com/fkong7/2dunet
ttb615,maxulysse_nf-core_modules,https://github.com/maxulysse/nf-core_modules
ttb615,opensafely_long-covid-risk-factors-and-prediction,https://github.com/opensafely/long-covid-risk-factors-and-prediction
ttb615,omniscale_imposm3,https://github.com/omniscale/imposm3
ttb615,fcambus_telize,https://github.com/fcambus/telize
ttb615,ziotom78_healpix.jl,https://github.com/ziotom78/Healpix.jl
ttb615,mpmccode_mpmc,https://github.com/mpmccode/mpmc
ttb615,hyperopt_hyperopt-sklearn,https://github.com/hyperopt/hyperopt-sklearn
ttb615,geodynamics_aspect,https://github.com/geodynamics/aspect
cliddel2,bids-apps_mrtrix3_connectome,https://github.com/BIDS-Apps/MRtrix3_connectome
cliddel2,leakec_tfc,https://github.com/leakec/tfc
cliddel2,voutcn_megahit,https://github.com/voutcn/megahit
cliddel2,moble_quaternion,https://github.com/moble/quaternion
cliddel2,santandermetgroup_downscaler,https://github.com/SantanderMetGroup/downscaleR
cliddel2,rajeshrinet_pyross,https://github.com/rajeshrinet/pyross
cliddel2,google_jax-md,https://github.com/google/jax-md
cliddel2,ncar_wrf-python,https://github.com/NCAR/wrf-python
cliddel2,juliaintervals_intervalarithmetic.jl,https://github.com/JuliaIntervals/IntervalArithmetic.jl
cliddel2,magazino_move_base_flex,https://github.com/magazino/move_base_flex
hvo5,juliaastro_astrolib.jl,https://github.com/JuliaAstro/AstroLib.jl
hvo5,cra-ros-pkg_robot_localization,https://github.com/cra-ros-pkg/robot_localization
hvo5,hmri-group_hmri-toolbox,https://github.com/hMRI-group/hMRI-toolbox
hvo5,tdda_tdda,https://github.com/tdda/tdda
hvo5,openspace_openspace,https://github.com/OpenSpace/OpenSpace
hvo5,photon-hdf5_phconvert,https://github.com/Photon-HDF5/phconvert
hvo5,nocions_letswave6,https://github.com/NOCIONS/letswave6
hvo5,flatsurf_flatsurf,https://github.com/flatsurf/flatsurf
hvo5,mano-b_microsec,https://github.com/MANO-B/MicroSEC
hvo5,ablab_spades,https://github.com/ablab/spades
sydlwils,parflow_parflow,https://github.com/parflow/parflow
sydlwils,inab_wes-backend,https://github.com/inab/wes-backend
sydlwils,knossos-project_knossos,https://github.com/knossos-project/knossos
sydlwils,project-konda_pattern-based-quality-analysis,https://github.com/project-konda/pattern-based-quality-analysis
sydlwils,wistaria_materiappsinstaller,https://github.com/wistaria/MateriAppsInstaller
sydlwils,wtmatlock_flanker,https://github.com/wtmatlock/flanker
sydlwils,openmd_openmd,https://github.com/OpenMD/OpenMD
sydlwils,google_uis-rnn,https://github.com/google/uis-rnn
sydlwils,leftygray_cascade_calculations,https://github.com/leftygray/Cascade_calculations
sydlwils,nrel_openstudio-server,https://github.com/NREL/OpenStudio-server
kbc177,llnl_hiop,https://github.com/LLNL/hiop
kbc177,magic-sph_magic,https://github.com/magic-sph/magic
kbc177,helmchenlabsoftware_cascade,https://github.com/HelmchenLabSoftware/Cascade
kbc177,insightsoftwareconsortium_simpleitk-notebooks,https://github.com/InsightSoftwareConsortium/SimpleITK-Notebooks
kbc177,pulp-platform_axi,https://github.com/pulp-platform/axi
kbc177,yeatmanlab_afq-browser,https://github.com/yeatmanlab/AFQ-Browser
kbc177,stan-dev_bayesplot,https://github.com/stan-dev/bayesplot
kbc177,pymor_pymor,https://github.com/pymor/pymor
kbc177,barbagroup_aeropython,https://github.com/barbagroup/AeroPython
kbc177,brian-team_brian2genn,https://github.com/brian-team/brian2genn
afink12,pachterlab_sleuth,https://github.com/pachterlab/sleuth
afink12,geostat-framework_gstools,https://github.com/GeoStat-Framework/GSTools
afink12,juliaearth_geostats.jl,https://github.com/JuliaEarth/GeoStats.jl
afink12,jaredhuling_oem,https://github.com/jaredhuling/oem
afink12,avehtari_ros-examples,https://github.com/avehtari/ROS-Examples
afink12,scikit-hep_uproot4,https://github.com/scikit-hep/uproot4
afink12,juliaphysics_measurements.jl,https://github.com/JuliaPhysics/Measurements.jl
afink12,asfhyp3_hyp3,https://github.com/ASFHyP3/hyp3
afink12,daehwankimlab_hisat2,https://github.com/DaehwanKimLab/hisat2
afink12,hjkgrp_molsimplify,https://github.com/hjkgrp/molSimplify
dkim68,jlizier_jidt,https://github.com/jlizier/jidt
dkim68,tencent_turbotransformers,https://github.com/Tencent/TurboTransformers
dkim68,adda-team_adda,https://github.com/adda-team/adda
dkim68,envirocar_envirocar-app,https://github.com/enviroCar/enviroCar-app
dkim68,juliamath_gsl.jl,https://github.com/JuliaMath/GSL.jl
dkim68,snakemake_snakemake,https://github.com/snakemake/snakemake
dkim68,cpmech_gosl,https://github.com/cpmech/gosl
dkim68,open-quantum-safe_ci-containers,https://github.com/open-quantum-safe/ci-containers
dkim68,kul-forbes_forbes,https://github.com/kul-forbes/ForBES
dkim68,poissonconsulting_tmbr,https://github.com/poissonconsulting/tmbr
sbombry1,gabinsane_multimodal-vae-comparison,https://github.com/gabinsane/multimodal-vae-comparison
sbombry1,mansmeg_posteriordb,https://github.com/MansMeg/posteriordb
sbombry1,markmfredrickson_optmatch,https://github.com/markmfredrickson/optmatch
sbombry1,statistikat_vim,https://github.com/statistikat/VIM
sbombry1,fairrootgroup_fairroot,https://github.com/FairRootGroup/FairRoot
sbombry1,arfc_pride,https://github.com/arfc/pride
sbombry1,nexpy_nexpy,https://github.com/nexpy/nexpy
sbombry1,tompollard_tableone,https://github.com/tompollard/tableone
sbombry1,geospace-code_pymap3d,https://github.com/geospace-code/pymap3d
sbombry1,geoknow_linkedgeodata,https://github.com/GeoKnow/LinkedGeoData
kyandall,ucl_mimix,https://github.com/UCL/mimix
kyandall,biomedia_mirtk,https://github.com/BioMedIA/MIRTK
kyandall,raymanng_3d-wind-field,https://github.com/RaymanNg/3D-Wind-Field
kyandall,kick-h_gpumd,https://github.com/kick-h/gpumd
kyandall,mastoffel_rptr,https://github.com/mastoffel/rptR
kyandall,conda-forge_pyinterp-feedstock,https://github.com/conda-forge/pyinterp-feedstock
kyandall,shader-slang_slang,https://github.com/shader-slang/slang
kyandall,theislab_scib,https://github.com/theislab/scib
kyandall,worldwidetelescope_wwt-web-client,https://github.com/WorldWideTelescope/wwt-web-client
kyandall,antsx_antsr,https://github.com/ANTsX/ANTsR
aamphone,arviz-devs_arviz,https://github.com/arviz-devs/arviz
aamphone,clindatsci_dicomweb-python-client,https://github.com/clindatsci/dicomweb-python-client
aamphone,peal_vole,https://github.com/peal/vole
aamphone,nbara_python-meegkit,https://github.com/nbara/python-meegkit
aamphone,flyaflya_causact,https://github.com/flyaflya/causact
aamphone,geolytix_xyz,https://github.com/GEOLYTIX/xyz
aamphone,genouest_biomaj-download,https://github.com/genouest/biomaj-download
aamphone,pressio_pressio,https://github.com/Pressio/pressio
aamphone,kkondo1981_aglm,https://github.com/kkondo1981/aglm
aamphone,winvector_vtreat,https://github.com/WinVector/vtreat
aberard,benfulcher_hctsa,https://github.com/benfulcher/hctsa
aberard,juliaopt_jump.jl,https://github.com/JuliaOpt/JuMP.jl
aberard,fredros_pypmc,https://github.com/fredRos/pypmc
aberard,rpng_open_vins,https://github.com/rpng/open_vins
aberard,cp2k_dbcsr,https://github.com/cp2k/dbcsr
aberard,pbs-assess_gftrends,https://github.com/pbs-assess/gftrends
aberard,juliamolsim_dftk.jl,https://github.com/JuliaMolSim/DFTK.jl
aberard,eclipse_sumo,https://github.com/eclipse/sumo
aberard,iqss_dataverse,https://github.com/IQSS/dataverse
aberard,ecp-copa_cabana,https://github.com/ECP-copa/Cabana
pmarino,ubarsc_python-fmask,https://github.com/ubarsc/python-fmask
pmarino,alpscore_alpscore,https://github.com/ALPSCore/ALPSCore
pmarino,cnes_cars,https://github.com/CNES/cars
pmarino,chembl_fpsim2,https://github.com/chembl/FPSim2
pmarino,sinzlab_nndichromacy,https://github.com/sinzlab/nndichromacy
pmarino,mivion_swisseph,https://github.com/mivion/swisseph
pmarino,niklastr_promise,https://github.com/NiklasTR/promise
pmarino,activitymonitoring_biobankaccelerometeranalysis,https://github.com/activityMonitoring/biobankAccelerometerAnalysis
pmarino,nasa-pds_harvest,https://github.com/NASA-PDS/harvest
pmarino,bluescarni_mppp,https://github.com/bluescarni/mppp
dmengeli,pseudomanifold_aleph,https://github.com/Pseudomanifold/Aleph
dmengeli,trichter_rf,https://github.com/trichter/rf
dmengeli,evalf_nutils,https://github.com/evalf/nutils
dmengeli,exascaleinfolab_bench-vldb20,https://github.com/eXascaleInfolab/bench-vldb20
dmengeli,ashiklom_edr-da,https://github.com/ashiklom/edr-da
dmengeli,oxfordska_oskar,https://github.com/OxfordSKA/OSKAR
dmengeli,ctlab_fgsea,https://github.com/ctlab/fgsea
dmengeli,lampspuc_statespacemodels.jl,https://github.com/LAMPSPUC/StateSpaceModels.jl
dmengeli,siepic_siepic_ebeam_pdk,https://github.com/SiEPIC/SiEPIC_EBeam_PDK
dmengeli,paulhancock_aegean,https://github.com/PaulHancock/Aegean
jvijayak,luispedro_mahotas,https://github.com/luispedro/mahotas
jvijayak,volkamerlab_opencadd,https://github.com/volkamerlab/opencadd
jvijayak,ecshackweek_impedance.py,https://github.com/ECSHackWeek/impedance.py
jvijayak,cesiumgs_3d-tiles,https://github.com/CesiumGS/3d-tiles
jvijayak,kbarbary_sep,https://github.com/kbarbary/sep
jvijayak,cannylab_tsne-cuda,https://github.com/CannyLab/tsne-cuda
jvijayak,jmchandonia_coral,https://github.com/jmchandonia/CORAL
jvijayak,mouseland_rastermap,https://github.com/MouseLand/rastermap
jvijayak,sentinel-hub_sentinelhub-py,https://github.com/sentinel-hub/sentinelhub-py
jvijayak,grimbough_rhdf5lib,https://github.com/grimbough/Rhdf5lib
kha5,socr_socrat,https://github.com/SOCR/SOCRAT
kha5,bbn-q_qgl,https://github.com/BBN-Q/QGL
kha5,microsoft_sptag,https://github.com/microsoft/SPTAG
kha5,allenai_scispacy,https://github.com/allenai/scispacy
kha5,clawpack_pyclaw,https://github.com/clawpack/pyclaw
kha5,isce-framework_isce2,https://github.com/isce-framework/isce2
kha5,facebookresearch_pytorch3d,https://github.com/facebookresearch/pytorch3d
kha5,mundialis_actinia_core,https://github.com/mundialis/actinia_core
kha5,unidata_netcdf-cxx4,https://github.com/Unidata/netcdf-cxx4
kha5,astro-informatics_ssht,https://github.com/astro-informatics/ssht
hneel,worldwidetelescope_pywwt,https://github.com/WorldWideTelescope/pywwt
hneel,chakravala_grassmann.jl,https://github.com/chakravala/Grassmann.jl
hneel,roboticslibrary_rl,https://github.com/roboticslibrary/rl
hneel,robelgium_msnoise,https://github.com/ROBelgium/MSNoise
hneel,stepjam_rlbench,https://github.com/stepjam/RLBench
hneel,fragit_fragit-main,https://github.com/FragIt/fragit-main
hneel,architecture-building-systems_revitpythonshell,https://github.com/architecture-building-systems/revitpythonshell
hneel,vlsida_openram,https://github.com/VLSIDA/OpenRAM
hneel,kaczmarj_neurodocker,https://github.com/kaczmarj/neurodocker
hneel,code-iai_rosintegration,https://github.com/code-iai/ROSIntegration
smaciasa,prjemian_spec2nexus,https://github.com/prjemian/spec2nexus
smaciasa,caseywdunn_siphonophore_phylogeny_2017,https://github.com/caseywdunn/siphonophore_phylogeny_2017
smaciasa,bc_retina,https://github.com/bc/retina
smaciasa,iic-jku_ddsim,https://github.com/iic-jku/ddsim
smaciasa,spirit-code_spirit,https://github.com/spirit-code/spirit
smaciasa,stanfordnlp_glove,https://github.com/stanfordnlp/GloVe
smaciasa,neurodatawithoutborders_matnwb,https://github.com/NeurodataWithoutBorders/matnwb
smaciasa,malbecc_lio,https://github.com/MALBECC/lio
smaciasa,giaf_hpipm,https://github.com/giaf/hpipm
smaciasa,antonyuryev_elsevierapi,https://github.com/AntonYuryev/ElsevierAPI
cdamron3,marianattestad_ribbon,https://github.com/MariaNattestad/Ribbon
cdamron3,stan-dev_cmdstanpy,https://github.com/stan-dev/cmdstanpy
cdamron3,rveltz_piecewisedeterministicmarkovprocesses.jl,https://github.com/rveltz/PiecewiseDeterministicMarkovProcesses.jl
cdamron3,lpwgroup_crank,https://github.com/lpwgroup/crank
cdamron3,thelfer_mfrontgenericinterfacesupport,https://github.com/thelfer/MFrontGenericInterfaceSupport
cdamron3,jonescompneurolab_hnn,https://github.com/jonescompneurolab/hnn
cdamron3,mirnylab_cooler,https://github.com/mirnylab/cooler
cdamron3,jhuapl-boss_intern,https://github.com/jhuapl-boss/intern
cdamron3,privefl_bigstatsr,https://github.com/privefl/bigstatsr
cdamron3,xeokit_xeokit-sdk,https://github.com/xeokit/xeokit-sdk
gelkhoda,gsi-cs-co_chart-fx,https://github.com/GSI-CS-CO/chart-fx
gelkhoda,bsaul_inferference,https://github.com/bsaul/inferference
gelkhoda,daohu527_dig-into-apollo,https://github.com/daohu527/Dig-into-Apollo
gelkhoda,martin2250_opencncpilot,https://github.com/martin2250/OpenCNCPilot
gelkhoda,usgs-astrogeology_isis3,https://github.com/USGS-Astrogeology/ISIS3
gelkhoda,sakov_enkf-c,https://github.com/sakov/enkf-c
gelkhoda,sfc-aqua_quisp,https://github.com/sfc-aqua/quisp
gelkhoda,stan-dev_rstanarm,https://github.com/stan-dev/rstanarm
gelkhoda,copasi_copasi-dependencies,https://github.com/copasi/copasi-dependencies
gelkhoda,almost-matching-exactly_dame-python-package,https://github.com/almost-matching-exactly/dame-python-package
spate198,nansencenter_dapper,https://github.com/nansencenter/DAPPER
spate198,quantumblacklabs_kedro-viz,https://github.com/quantumblacklabs/kedro-viz
spate198,biod_sambamba,https://github.com/biod/sambamba
spate198,hungpham2511_toppra,https://github.com/hungpham2511/toppra
spate198,bioimagesuiteweb_bisweb,https://github.com/bioimagesuiteweb/bisweb
spate198,carloscinelli_sensemakr,https://github.com/carloscinelli/sensemakr
spate198,compphysvienna_n2p2,https://github.com/CompPhysVienna/n2p2
spate198,shraddhabarke_probe,https://github.com/shraddhabarke/probe
spate198,openuc2_uc2-git,https://github.com/openUC2/UC2-GIT
spate198,fangq_mcx,https://github.com/fangq/mcx
cgoering,gboeing_pynamical,https://github.com/gboeing/pynamical
cgoering,mjwoods_rnetcdf,https://github.com/mjwoods/RNetCDF
cgoering,r-spatial_spdep,https://github.com/r-spatial/spdep
cgoering,svalorzen_ai-toolbox,https://github.com/Svalorzen/AI-Toolbox
cgoering,ropensci_datapackager,https://github.com/ropensci/DataPackageR
cgoering,facebookresearch_faiss,https://github.com/facebookresearch/faiss
cgoering,sasview_sasview,https://github.com/SasView/sasview
cgoering,gems-uff_noworkflow,https://github.com/gems-uff/noworkflow
cgoering,exascaleinfolab_vadetis,https://github.com/exascaleinfolab/vadetis
cgoering,pnnl_isicle,https://github.com/pnnl/isicle
melawady,nickabattista_ib2d,https://github.com/nickabattista/IB2d
melawady,cartavis_carta-frontend,https://github.com/CARTAvis/carta-frontend
melawady,nanocomp_mpb,https://github.com/NanoComp/mpb
melawady,kklmn_xrt,https://github.com/kklmn/xrt
melawady,pytorch_audio,https://github.com/pytorch/audio
melawady,bernatgel_karyoploter,https://github.com/bernatgel/karyoploteR
melawady,wandb_client,https://github.com/wandb/client
melawady,ohdsi_atlas,https://github.com/OHDSI/Atlas
melawady,mummer4_mummer,https://github.com/mummer4/mummer
melawady,nmslib_nmslib,https://github.com/nmslib/nmslib
wknepp,olofk_serv,https://github.com/olofk/serv
wknepp,tencentyun_iot-device-python,https://github.com/tencentyun/iot-device-python
wknepp,molstar_molstar,https://github.com/molstar/molstar
wknepp,daehwankimlab_centrifuge,https://github.com/DaehwanKimLab/centrifuge
wknepp,dilumaluthge_augustus.jl,https://github.com/dilumaluthge/augustus.jl
wknepp,superelastix_elastix,https://github.com/SuperElastix/elastix
wknepp,python-hydro_pyro2,https://github.com/python-hydro/pyro2
wknepp,mratsim_arraymancer,https://github.com/mratsim/Arraymancer
wknepp,integrativemodeling_npc,https://github.com/integrativemodeling/npc
wknepp,anybotics_grid_map,https://github.com/ANYbotics/grid_map
cfinley6,mpld3_mpld3,https://github.com/mpld3/mpld3
cfinley6,nilmtk_nilmtk,https://github.com/nilmtk/nilmtk
cfinley6,dellytools_delly,https://github.com/dellytools/delly
cfinley6,bedops_bedops,https://github.com/bedops/bedops
cfinley6,opencog_opencog,https://github.com/opencog/opencog
cfinley6,mschauer_causalinference.jl,https://github.com/mschauer/CausalInference.jl
cfinley6,matwey_fips3,https://github.com/matwey/fips3
cfinley6,neuralensemble_libneuroml,https://github.com/NeuralEnsemble/libNeuroML
cfinley6,benjjneb_dada2,https://github.com/benjjneb/dada2
cfinley6,ngageoint_opensphere,https://github.com/ngageoint/opensphere
bdowlin2,avehtari_bda_course_aalto,https://github.com/avehtari/BDA_course_Aalto
bdowlin2,eberharf_cfl,https://github.com/eberharf/cfl
bdowlin2,openda-association_openda,https://github.com/OpenDA-Association/OpenDA
bdowlin2,openms_openms,https://github.com/OpenMS/OpenMS
bdowlin2,vatlab_sos,https://github.com/vatlab/SoS
bdowlin2,jayggg_ngstents,https://github.com/jayggg/ngstents
bdowlin2,inqwire_sqir,https://github.com/inQWIRE/SQIR
bdowlin2,tee-lab_pyddsde,https://github.com/tee-lab/pyddsde
bdowlin2,jgcri_gcam-core,https://github.com/JGCRI/gcam-core
bdowlin2,windweller_disextract,https://github.com/windweller/DisExtract
ltipto11,rafavzqz_geopdes,https://github.com/rafavzqz/geopdes
ltipto11,qiskit_openqasm,https://github.com/Qiskit/openqasm
ltipto11,mantidproject_mantid,https://github.com/mantidproject/mantid
ltipto11,mic-dkfz_nnunet,https://github.com/MIC-DKFZ/nnUNet
ltipto11,cambridgemolecularengineering_tabledataextractor,https://github.com/CambridgeMolecularEngineering/tabledataextractor
ltipto11,r-spatial_gstat,https://github.com/r-spatial/gstat
ltipto11,llnl_zfp,https://github.com/LLNL/zfp
ltipto11,ros-perception_slam_gmapping,https://github.com/ros-perception/slam_gmapping
ltipto11,ofloveandhate_paramotopy,https://github.com/ofloveandhate/paramotopy
ltipto11,qzhu2017_pyxtal,https://github.com/qzhu2017/PyXtal
oyoungbl,nwfsc-cb_ocnms,https://github.com/nwfsc-cb/OCNMS
oyoungbl,skuschel_postpic,https://github.com/skuschel/postpic
oyoungbl,florianhartig_dharma,https://github.com/florianhartig/DHARMa
oyoungbl,acellera_moleculekit,https://github.com/Acellera/moleculekit
oyoungbl,druid-io_pydruid,https://github.com/druid-io/pydruid
oyoungbl,projectchrono_chrono,https://github.com/projectchrono/chrono
oyoungbl,molssi_qcengine,https://github.com/MolSSI/QCEngine
oyoungbl,radiomics_pyradiomics,https://github.com/Radiomics/pyradiomics
oyoungbl,jalammar_ecco,https://github.com/jalammar/ecco
oyoungbl,pyscf_pyscf,https://github.com/pyscf/pyscf
lsantucc,covid19datahub_covid19dev,https://github.com/covid19datahub/covid19dev
lsantucc,echonet_dynamic,https://github.com/echonet/dynamic
lsantucc,opengeospatial_ogc-geosparql,https://github.com/opengeospatial/ogc-geosparql
lsantucc,egri-nagy_sgpdec,https://github.com/egri-nagy/sgpdec
lsantucc,eendebakpt_oapackage,https://github.com/eendebakpt/oapackage
lsantucc,wojdyr_fityk,https://github.com/wojdyr/fityk
lsantucc,smearle_gym-city,https://github.com/smearle/gym-city
lsantucc,acclab_dabestr,https://github.com/ACCLAB/dabestr
lsantucc,aol_moloch,https://github.com/aol/moloch
lsantucc,ncoudray_deeppath,https://github.com/ncoudray/DeepPATH
gkhot,alanwilter_acpype,https://github.com/alanwilter/acpype
gkhot,sheffieldml_gpy,https://github.com/SheffieldML/GPy
gkhot,rrrlw_ripserr,https://github.com/rrrlw/ripserr
gkhot,dakep_pense-rpkg,https://github.com/dakep/pense-rpkg
gkhot,declaredesign_estimatr,https://github.com/DeclareDesign/estimatr
gkhot,igsio_openigtlinkio,https://github.com/IGSIO/OpenIGTLinkIO
gkhot,aura-healthcare_hrv-analysis,https://github.com/Aura-healthcare/hrv-analysis
gkhot,juliaopt_cplex.jl,https://github.com/JuliaOpt/CPLEX.jl
gkhot,rwth-i6_returnn,https://github.com/rwth-i6/returnn
gkhot,ipeagit_geobr,https://github.com/ipeaGIT/geobr
ksaravan,delsuc_spike,https://github.com/delsuc/spike
ksaravan,gyyang_neurogym,https://github.com/gyyang/neurogym
ksaravan,papenfusslab_gridss,https://github.com/PapenfussLab/gridss
ksaravan,jbytecode_linregoutliers,https://github.com/jbytecode/LinRegOutliers
ksaravan,nasa_ccdd,https://github.com/nasa/CCDD
ksaravan,arm61_pylj,https://github.com/arm61/pylj
ksaravan,mothur_mothur,https://github.com/mothur/mothur
ksaravan,stephenslab_mashr,https://github.com/stephenslab/mashr
ksaravan,dswah_pygam,https://github.com/dswah/pyGAM
ksaravan,lsst_daf_butler,https://github.com/lsst/daf_butler
jbronyah,pecanproject_pecan,https://github.com/PecanProject/pecan
jbronyah,esa-philab_opensartoolkit,https://github.com/ESA-PhiLab/OpenSarToolkit
jbronyah,stolllab_easyspin,https://github.com/StollLab/EasySpin
jbronyah,mariohsouto_proxsdp.jl,https://github.com/mariohsouto/ProxSDP.jl
jbronyah,qiskit_qiskit-experiments,https://github.com/qiskit/qiskit-experiments
jbronyah,ericproffitt_topicmodelsvb.jl,https://github.com/ericproffitt/TopicModelsVB.jl
jbronyah,vcityteam_ud-reproducibility,https://github.com/VCityTeam/UD-Reproducibility
jbronyah,hbctraining_scrna-seq_online,https://github.com/hbctraining/scRNA-seq_online
jbronyah,smileipic_smilei,https://github.com/SmileiPIC/Smilei
jbronyah,geofranzi_geoportal,https://github.com/geofranzi/geoportal
jpark127,pygae_galgebra,https://github.com/pygae/galgebra
jpark127,mdolab_pyoptsparse,https://github.com/mdolab/pyoptsparse
jpark127,zhuangjun1981_retinotopic_mapping,https://github.com/zhuangjun1981/retinotopic_mapping
jpark127,joaoleal_cppadcodegen,https://github.com/joaoleal/CppADCodeGen
jpark127,lcav_pyroomacoustics,https://github.com/LCAV/pyroomacoustics
jpark127,richardli_summer,https://github.com/richardli/SUMMER
jpark127,alejandrobll_py-sphviewer,https://github.com/alejandrobll/py-sphviewer
jpark127,mimno_mallet,https://github.com/mimno/Mallet
jpark127,aoterodelaroza_critic2,https://github.com/aoterodelaroza/critic2
jpark127,lptk_simple-algebraic-subtyping,https://github.com/lptk/simple-algebraic-subtyping
bnoyes,helske_kfas,https://github.com/helske/KFAS
bnoyes,sassoftware_python-swat,https://github.com/sassoftware/python-swat
bnoyes,spacetelescope_mirage,https://github.com/spacetelescope/mirage
bnoyes,devinamatthews_tblis,https://github.com/devinamatthews/tblis
bnoyes,esheldon_esutil,https://github.com/esheldon/esutil
bnoyes,badlands-model_badlands,https://github.com/badlands-model/badlands
bnoyes,metagenome-atlas_atlas,https://github.com/metagenome-atlas/atlas
bnoyes,opengeospatial_teamengine,https://github.com/opengeospatial/teamengine
bnoyes,philipperemy_keras-tcn,https://github.com/philipperemy/keras-tcn
bnoyes,libnegf_libnegf,https://github.com/libnegf/libnegf
hnaicker,tyiannak_pyaudioanalysis,https://github.com/tyiannak/pyAudioAnalysis
hnaicker,fzj-inm1-bda_siibra-explorer,https://github.com/FZJ-INM1-BDA/siibra-explorer
hnaicker,spacetelescope_jwql,https://github.com/spacetelescope/jwql
hnaicker,smhyatt_deforest-watch-with-bfast-in-cuda,https://github.com/smhyatt/deforest-watch-with-BFAST-in-CUDA
hnaicker,eurostat_statistics-coded,https://github.com/eurostat/statistics-coded
hnaicker,tnagler_vinecopula,https://github.com/tnagler/VineCopula
hnaicker,deeptime-ml_deeptime,https://github.com/deeptime-ml/deeptime
hnaicker,aiidateam_aiida-tutorials,https://github.com/aiidateam/aiida-tutorials
hnaicker,lepy_phuzzy,https://github.com/lepy/phuzzy
hnaicker,dpiparo_vdt,https://github.com/dpiparo/vdt
wch356,kristofferc_pgfplotsx.jl,https://github.com/KristofferC/PGFPlotsX.jl
wch356,fizban007_coffeegpu,https://github.com/fizban007/CoffeeGPU
wch356,clayne_retrowrite,https://github.com/clayne/retrowrite
wch356,dkazanc_tomophantom,https://github.com/dkazanc/TomoPhantom
wch356,alicevision_meshroom,https://github.com/alicevision/meshroom
wch356,fmidev_smartmet-library-newbase,https://github.com/fmidev/smartmet-library-newbase
wch356,knausb_vcfr,https://github.com/knausb/vcfR
wch356,fedml-ai_fedml,https://github.com/FedML-AI/FedML
wch356,latte-central_latte,https://github.com/latte-central/LaTTe
wch356,stineb_mct,https://github.com/stineb/mct
jbell96,facebookresearch_dlrm,https://github.com/facebookresearch/dlrm
jbell96,brainhackorg_brainhack_jupyter_book,https://github.com/brainhackorg/brainhack_jupyter_book
jbell96,eorimaging_fhd,https://github.com/EoRImaging/FHD
jbell96,microsoft_deepspeed,https://github.com/microsoft/DeepSpeed
jbell96,alphaparrot_plasim,https://github.com/alphaparrot/plasim
jbell96,dhi-gras_terracotta,https://github.com/DHI-GRAS/terracotta
jbell96,ethz-adrl_ifopt,https://github.com/ethz-adrl/ifopt
jbell96,uber_orbit,https://github.com/uber/orbit
jbell96,algtudelft_expensiveoptimbenchmark,https://github.com/AlgTUDelft/ExpensiveOptimBenchmark
jbell96,pnlbwh_ukftractography,https://github.com/pnlbwh/ukftractography
aalkafou,knygren_glmbayes,https://github.com/knygren/glmbayes
aalkafou,rapidsai_cuxfilter,https://github.com/rapidsai/cuxfilter
aalkafou,nfft_nfft,https://github.com/NFFT/nfft
aalkafou,cselab_aphros,https://github.com/cselab/aphros
aalkafou,learning-at-home_hivemind,https://github.com/learning-at-home/hivemind
aalkafou,epics-base_pva2pva,https://github.com/epics-base/pva2pva
aalkafou,geos-esm_mapl,https://github.com/GEOS-ESM/MAPL
aalkafou,icbi-lab_luca,https://github.com/icbi-lab/luca
aalkafou,ajdawson_windspharm,https://github.com/ajdawson/windspharm
aalkafou,sonvt1710_deepface,https://github.com/sonvt1710/deepface
pshu,arnaudon_netsalt,https://github.com/arnaudon/netSALT
pshu,pythonot_pot,https://github.com/PythonOT/POT
pshu,blegat_switchonsafety.jl,https://github.com/blegat/SwitchOnSafety.jl
pshu,connectomicslab_connectomemapper3,https://github.com/connectomicslab/connectomemapper3
pshu,bbn-q_auspex,https://github.com/BBN-Q/Auspex
pshu,vsamy_copra,https://github.com/vsamy/Copra
pshu,havakv_pycox,https://github.com/havakv/pycox
pshu,seung-lab_igneous,https://github.com/seung-lab/igneous
pshu,salan668_fae,https://github.com/salan668/FAE
pshu,matsengrp_transport,https://github.com/matsengrp/transport
smurph61,easystats_parameters,https://github.com/easystats/parameters
smurph61,ds4dm_tulip.jl,https://github.com/ds4dm/Tulip.jl
smurph61,mtiller_modelicabook,https://github.com/mtiller/ModelicaBook
smurph61,jdtuck_fdasrvf_r,https://github.com/jdtuck/fdasrvf_R
smurph61,xbarin02_collatz,https://github.com/xbarin02/collatz
smurph61,quantum-tii_qibo,https://github.com/Quantum-TII/qibo
smurph61,jklimke_libcitygml,https://github.com/jklimke/libcitygml
smurph61,mskcc_vcf2maf,https://github.com/mskcc/vcf2maf
smurph61,sibrun_gh,https://github.com/sibrun/GH
smurph61,lyc102_ifem,https://github.com/lyc102/ifem
ncash3,patwie_cppnumericalsolvers,https://github.com/PatWie/CppNumericalSolvers
ncash3,simplenlg_simplenlg,https://github.com/simplenlg/simplenlg
ncash3,ntustison_crosslong,https://github.com/ntustison/CrossLong
ncash3,stan-dev_projpred,https://github.com/stan-dev/projpred
ncash3,whizzml_examples,https://github.com/whizzml/examples
ncash3,afeinstein20_eleanor,https://github.com/afeinstein20/eleanor
ncash3,smtorg_smt,https://github.com/SMTorg/smt
ncash3,algebraicjulia_catlab.jl,https://github.com/AlgebraicJulia/Catlab.jl
ncash3,microprediction_timemachines,https://github.com/microprediction/timemachines
ncash3,sftcd_surveys,https://github.com/sftcd/surveys
mmariaru,calamari-ocr_calamari,https://github.com/Calamari-OCR/calamari
mmariaru,pdclab_peregrine,https://github.com/pdclab/peregrine
mmariaru,juliaopt_pajarito.jl,https://github.com/JuliaOpt/Pajarito.jl
mmariaru,mic-dkfz_batchgenerators,https://github.com/MIC-DKFZ/batchgenerators
mmariaru,romerogroup_pyprocar,https://github.com/romerogroup/pyprocar
mmariaru,jean-romain_lidr,https://github.com/Jean-Romain/lidR
mmariaru,google-research_football,https://github.com/google-research/football
mmariaru,drostlab_philentropy,https://github.com/drostlab/philentropy
mmariaru,contextlab_hypertools,https://github.com/ContextLab/hypertools
mmariaru,lima1_purecn,https://github.com/lima1/PureCN
pvickery,epam_med3web,https://github.com/epam/med3web
pvickery,indralab_indra_db,https://github.com/indralab/indra_db
pvickery,choosehappy_histoqc,https://github.com/choosehappy/HistoQC
pvickery,qulacs_qulacs,https://github.com/qulacs/qulacs
pvickery,ropensci_stplanr,https://github.com/ropensci/stplanr
pvickery,zhaoj9014_face.evolve,https://github.com/ZhaoJ9014/face.evoLVe
pvickery,rasbt_mlxtend,https://github.com/rasbt/mlxtend
pvickery,systerel_s2opc,https://github.com/systerel/S2OPC
pvickery,teush_mysense,https://github.com/teusH/MySense
pvickery,kuwisdelu_cardinal,https://github.com/kuwisdelu/Cardinal
bjy819,mobvoi_wenet,https://github.com/mobvoi/wenet
bjy819,pbs-assess_gfsynopsis,https://github.com/pbs-assess/gfsynopsis
bjy819,pmlmodelling_ersem,https://github.com/pmlmodelling/ersem
bjy819,vearch_vearch,https://github.com/vearch/vearch
bjy819,hannorein_rebound,https://github.com/hannorein/rebound
bjy819,soedinglab_mmseqs2,https://github.com/soedinglab/MMseqs2
bjy819,hpddm_hpddm,https://github.com/hpddm/hpddm
bjy819,stephenslab_mr.mash.alpha,https://github.com/stephenslab/mr.mash.alpha
bjy819,gem_oq-engine,https://github.com/gem/oq-engine
bjy819,sixin-zh_kymatio_wph,https://github.com/sixin-zh/kymatio_wph
spastor,nlesc_mcfly,https://github.com/NLeSC/mcfly
spastor,cjhopp_scripts,https://github.com/cjhopp/scripts
spastor,synthetichealth_module-builder,https://github.com/synthetichealth/module-builder
spastor,pennylaneai_pennylane,https://github.com/PennyLaneAI/pennylane
spastor,jatinchowdhury18_analogtapemodel,https://github.com/jatinchowdhury18/AnalogTapeModel
spastor,paddlepaddle_deepspeech,https://github.com/PaddlePaddle/DeepSpeech
spastor,fraserw_pymop,https://github.com/fraserw/PyMOP
spastor,henryseg_veering,https://github.com/henryseg/Veering
spastor,tanghaibao_goatools,https://github.com/tanghaibao/goatools
spastor,helske_bssm,https://github.com/helske/bssm
amart170,zonca_jupyterhub-deploy-kubernetes-jetstream,https://github.com/zonca/jupyterhub-deploy-kubernetes-jetstream
amart170,nglviewer_nglview,https://github.com/nglviewer/nglview
amart170,pnnl_darkchem,https://github.com/pnnl/darkchem
amart170,edzer_spacetime,https://github.com/edzer/spacetime
amart170,ebi-pf-team_interproscan,https://github.com/ebi-pf-team/interproscan
amart170,titipata_pubmed_parser,https://github.com/titipata/pubmed_parser
amart170,glotzerlab_fresnel,https://github.com/glotzerlab/fresnel
amart170,uwdata_falcon,https://github.com/uwdata/falcon
amart170,swisstph_openmalaria,https://github.com/SwissTPH/openmalaria
amart170,fzenke_auryn,https://github.com/fzenke/auryn
jzr266,panoptes_panoptes-utils,https://github.com/panoptes/panoptes-utils
jzr266,photrek_nonlinear-statistical-coupling,https://github.com/Photrek/Nonlinear-Statistical-Coupling
jzr266,npellet_visualizer,https://github.com/NPellet/visualizer
jzr266,darioizzo_audi,https://github.com/darioizzo/audi
jzr266,milvus-io_milvus,https://github.com/milvus-io/milvus
jzr266,antelopeusersgroup_antelope_contrib,https://github.com/antelopeusersgroup/antelope_contrib
jzr266,oceandatatools_openvdm,https://github.com/OceanDataTools/openvdm
jzr266,fourierflows_fourierflows.jl,https://github.com/FourierFlows/FourierFlows.jl
jzr266,gnina_libmolgrid,https://github.com/gnina/libmolgrid
jzr266,unidata_awips2,https://github.com/Unidata/awips2
rkabarwa,dlr-rm_blenderproc,https://github.com/DLR-RM/BlenderProc
rkabarwa,riatelab_cartography,https://github.com/riatelab/cartography
rkabarwa,patrickzib_sfa,https://github.com/patrickzib/SFA
rkabarwa,openexoplanetcatalogue_open_exoplanet_catalogue,https://github.com/OpenExoplanetCatalogue/open_exoplanet_catalogue
rkabarwa,snakemake-workflows_rna-seq-kallisto-sleuth,https://github.com/snakemake-workflows/rna-seq-kallisto-sleuth
rkabarwa,brianmanderson_dicom_utilities,https://github.com/brianmanderson/dicom_utilities
rkabarwa,iraf-community_iraf,https://github.com/iraf-community/iraf
rkabarwa,dgerosa_precession,https://github.com/dgerosa/precession
rkabarwa,plasmapy_plasmapy,https://github.com/PlasmaPy/PlasmaPy
rkabarwa,iqusoft_intel-qs,https://github.com/iqusoft/intel-qs
ddemarco,sebwouters_chemps2,https://github.com/SebWouters/CheMPS2
ddemarco,f-fathurrahman_pwdft.jl,https://github.com/f-fathurrahman/PWDFT.jl
ddemarco,nenadmarkus_wlrn,https://github.com/nenadmarkus/wlrn
ddemarco,aidenlab_juicer,https://github.com/aidenlab/juicer
ddemarco,qiboteam_qibojit,https://github.com/qiboteam/qibojit
ddemarco,nuest_o2r-project.github.io,https://github.com/nuest/o2r-project.github.io
ddemarco,rednaga_apkid,https://github.com/rednaga/APKiD
ddemarco,icrar_shark,https://github.com/ICRAR/shark
ddemarco,yixuan_spectra,https://github.com/yixuan/spectra
ddemarco,mathlab_pydmd,https://github.com/mathLab/PyDMD
gwright30,juliamanifolds_manifolds.jl,https://github.com/JuliaManifolds/Manifolds.jl
gwright30,pydata_pandas-datareader,https://github.com/pydata/pandas-datareader
gwright30,shellphish_driller,https://github.com/shellphish/driller
gwright30,threeme3_qcx-ssb,https://github.com/threeme3/QCX-SSB
gwright30,humanbrainproject_fairgraph,https://github.com/humanbrainproject/fairgraph
gwright30,sancus-pma_sancus-core,https://github.com/sancus-pma/sancus-core
gwright30,vcflib_vcflib,https://github.com/vcflib/vcflib
gwright30,mobleylab_blues,https://github.com/MobleyLab/blues
gwright30,vinecopulib_rvinecopulib,https://github.com/vinecopulib/rvinecopulib
gwright30,catboost_catboost,https://github.com/catboost/catboost
smazunda,microsoft_textworld,https://github.com/microsoft/TextWorld
smazunda,microsoft_unilm,https://github.com/microsoft/unilm
smazunda,exascience_macau,https://github.com/ExaScience/macau
smazunda,keras-team_autokeras,https://github.com/keras-team/autokeras
smazunda,cgentemann_cloud_science,https://github.com/cgentemann/cloud_science
smazunda,gauzias_slam,https://github.com/gauzias/slam
smazunda,ivanlh20_multem,https://github.com/Ivanlh20/multem
smazunda,slundberg_shap,https://github.com/slundberg/shap
smazunda,mitgcm_mitgcm,https://github.com/MITgcm/MITgcm
smazunda,mrgiovanni_modelsgenesis,https://github.com/MrGiovanni/ModelsGenesis
pvathana,mucollective_multidy,https://github.com/MUCollective/multidy
pvathana,askurz_doing-bayesian-data-analysis-in-brms-and-the-tidyverse,https://github.com/ASKurz/Doing-Bayesian-Data-Analysis-in-brms-and-the-tidyverse
pvathana,esmvalgroup_esmvaltool,https://github.com/ESMValGroup/ESMValTool
pvathana,rtiinternational_smart,https://github.com/RTIInternational/SMART
pvathana,jannisborn_covid_detector,https://github.com/jannisborn/covid_detector
pvathana,overlordgolddragon_ssqueezepy,https://github.com/OverLordGoldDragon/ssqueezepy
pvathana,rust-bio_rust-bio,https://github.com/rust-bio/rust-bio
pvathana,ccsb-scripps_autodock-gpu,https://github.com/ccsb-scripps/AutoDock-GPU
pvathana,ebivariation_eva-tools,https://github.com/EBIvariation/eva-tools
pvathana,opendatacube_datacube-alchemist,https://github.com/opendatacube/datacube-alchemist
arother1,genetics-statistics_gemma,https://github.com/genetics-statistics/GEMMA
arother1,ssl-hep_servicex,https://github.com/ssl-hep/ServiceX
arother1,pbreheny_ncvreg,https://github.com/pbreheny/ncvreg
arother1,semanticchemistry_semanticchemistry,https://github.com/semanticchemistry/semanticchemistry
arother1,mg-rast_shock,https://github.com/MG-RAST/Shock
arother1,boutproject_bout-dev,https://github.com/boutproject/BOUT-dev
arother1,nathanaelbosch_odefilters.jl,https://github.com/nathanaelbosch/ODEFilters.jl
arother1,aplbrain_dotmotif,https://github.com/aplbrain/dotmotif
arother1,qucat_qucat,https://github.com/qucat/qucat
arother1,melven_pitts,https://github.com/melven/pitts
tcartier,lsstdesc_weaklensingdeblending,https://github.com/LSSTDESC/WeakLensingDeblending
tcartier,mkazhdan_poissonrecon,https://github.com/mkazhdan/PoissonRecon
tcartier,julianlsolvers_nlsolversbase.jl,https://github.com/JuliaNLSolvers/NLSolversBase.jl
tcartier,gridtools_gridtools,https://github.com/GridTools/gridtools
tcartier,christophsax_seasonal,https://github.com/christophsax/seasonal
tcartier,svf-tools_svf,https://github.com/SVF-tools/SVF
tcartier,stephenslab_flashr,https://github.com/stephenslab/flashr
tcartier,feihoo87_qulab,https://github.com/feihoo87/QuLab
tcartier,soerenpannier_emdi,https://github.com/SoerenPannier/emdi
tcartier,gimli-org_gimli,https://github.com/gimli-org/gimli
jharves1,gap-system_gap,https://github.com/gap-system/gap
jharves1,ncar_pyngl,https://github.com/NCAR/pyngl
jharves1,oneflow-inc_oneflow,https://github.com/Oneflow-Inc/oneflow
jharves1,soren5_autolr,https://github.com/soren5/autolr
jharves1,azure_mmlspark,https://github.com/Azure/mmlspark
jharves1,kul-forbes_proximalalgorithms.jl,https://github.com/kul-forbes/ProximalAlgorithms.jl
jharves1,igmhub_picca,https://github.com/igmhub/picca
jharves1,synbiodex_pysbol3,https://github.com/SynBioDex/pySBOL3
jharves1,unipisa_simu5g,https://github.com/Unipisa/Simu5G
jharves1,pyansys_dpf-core,https://github.com/pyansys/DPF-Core
bxy539,ewenharrison_finalfit,https://github.com/ewenharrison/finalfit
bxy539,lucidrains_lightweight-gan,https://github.com/lucidrains/lightweight-gan
bxy539,walaj_seqlib,https://github.com/walaj/SeqLib
bxy539,3dct_open_ia,https://github.com/3dct/open_iA
bxy539,clojupyter_clojupyter,https://github.com/clojupyter/clojupyter
bxy539,billennium_regae,https://github.com/billennium/ReGAE
bxy539,cbroeckl_ramclustr,https://github.com/cbroeckl/RAMClustR
bxy539,jsgoecke_tesla,https://github.com/jsgoecke/tesla
bxy539,robotology_ycm,https://github.com/robotology/ycm
bxy539,hasadna_anyway-newsflash-infographics,https://github.com/hasadna/anyway-newsflash-infographics
ggood3,vida-nyu_reprozip,https://github.com/ViDA-NYU/reprozip
ggood3,llnl_mgmol,https://github.com/LLNL/mgmol
ggood3,scifio_scifio-imageio,https://github.com/scifio/scifio-imageio
ggood3,smistad_fast,https://github.com/smistad/FAST
ggood3,mouseland_kilosort,https://github.com/MouseLand/Kilosort
ggood3,martini-alessandro_maximum-entropy-spectrum,https://github.com/martini-alessandro/Maximum-Entropy-Spectrum
ggood3,shixiangwang_sigminer,https://github.com/ShixiangWang/sigminer
ggood3,worldwidetelescope_wwt-website,https://github.com/WorldWideTelescope/wwt-website
ggood3,q2mm_q2mm,https://github.com/Q2MM/q2mm
ggood3,natverse_nat.nblast,https://github.com/natverse/nat.nblast
econstan,aidenlab_straw,https://github.com/aidenlab/straw
econstan,corybrunson_ggalluvial,https://github.com/corybrunson/ggalluvial
econstan,snowleopard_alga,https://github.com/snowleopard/alga
econstan,maximecb_gym-minigrid,https://github.com/maximecb/gym-minigrid
econstan,seung-lab_cloud-volume,https://github.com/seung-lab/cloud-volume
econstan,stvir_pysot,https://github.com/STVIR/pysot
econstan,google-research_torchsde,https://github.com/google-research/torchsde
econstan,tidymodels_rsample,https://github.com/tidymodels/rsample
econstan,coin-or_ipopt,https://github.com/coin-or/Ipopt
econstan,ohdsi_patientlevelprediction,https://github.com/OHDSI/PatientLevelPrediction
hsaleh5,vibansal_hapcut2,https://github.com/vibansal/HapCUT2
hsaleh5,friendly_heplots,https://github.com/friendly/heplots
hsaleh5,elki-project_elki,https://github.com/elki-project/elki
hsaleh5,neuroml_neuroml2,https://github.com/NeuroML/NeuroML2
hsaleh5,ropensci_gsodr,https://github.com/ropensci/GSODR
hsaleh5,modelica_modelica_linearsystems2,https://github.com/modelica/Modelica_LinearSystems2
hsaleh5,wangbolun300_fast-envelope,https://github.com/wangbolun300/fast-envelope
hsaleh5,antvis_g6,https://github.com/antvis/G6
hsaleh5,lsstdesc_ccl,https://github.com/LSSTDESC/CCL
hsaleh5,dsavransky_exosims,https://github.com/dsavransky/EXOSIMS
mjakowsk,mumax_3,https://github.com/mumax/3
mjakowsk,janlahmann_rasqberry,https://github.com/JanLahmann/RasQberry
mjakowsk,mahmoudparsian_data-algorithms-book,https://github.com/mahmoudparsian/data-algorithms-book
mjakowsk,attractivechaos_kann,https://github.com/attractivechaos/kann
mjakowsk,templateflow_templateflow,https://github.com/templateflow/templateflow
mjakowsk,mosdef-hub_gmso,https://github.com/mosdef-hub/gmso
mjakowsk,quantumlib_openfermion-fqe,https://github.com/quantumlib/OpenFermion-FQE
mjakowsk,gregreen_dustmaps,https://github.com/gregreen/dustmaps
mjakowsk,alleninstitute_ipfx,https://github.com/AllenInstitute/ipfx
mjakowsk,pal-robotics_aruco_ros,https://github.com/pal-robotics/aruco_ros
jmill291,neuroelectro_neuroelectro_org,https://github.com/neuroelectro/neuroelectro_org
jmill291,ropensci_textreuse,https://github.com/ropensci/textreuse
jmill291,freesurfer_freesurfer,https://github.com/freesurfer/freesurfer
jmill291,openforcefield_openforcefield,https://github.com/openforcefield/openforcefield
jmill291,markmfredrickson_ritools,https://github.com/markmfredrickson/RItools
jmill291,annkennedy_tracer,https://github.com/annkennedy/tracer
jmill291,brentp_vcfanno,https://github.com/brentp/vcfanno
jmill291,r-spatial_mapedit,https://github.com/r-spatial/mapedit
jmill291,isa-tools_isa-api,https://github.com/ISA-tools/isa-api
jmill291,nvidiagameworks_falcor,https://github.com/NVIDIAGameWorks/Falcor
ccolli78,caseyyoungflesh_post,https://github.com/caseyyoungflesh/post
ccolli78,jackwasey_icd,https://github.com/jackwasey/icd
ccolli78,oxfordcontrol_cosmo.jl,https://github.com/oxfordcontrol/COSMO.jl
ccolli78,jbei_edd,https://github.com/JBEI/edd
ccolli78,davidcarslaw_openair,https://github.com/davidcarslaw/openair
ccolli78,qutech-delft_quantuminspire,https://github.com/QuTech-Delft/quantuminspire
ccolli78,tryolabs_norfair,https://github.com/tryolabs/norfair
ccolli78,soft-matter_trackpy,https://github.com/soft-matter/trackpy
ccolli78,cosmoscout_cosmoscout-vr,https://github.com/cosmoscout/cosmoscout-vr
ccolli78,scify_jedaitoolkit,https://github.com/scify/JedAIToolkit
